partyfacts_id,hex
293,#000000
5128,#000000
5300,#000000
8607,#000000
1375,#000000
1013,#000000
4285,#000000
6055,#000000
405,#000000
1660,#000000
4737,#000000
8402,#000000
6160,#000000
4098,#000000
4328,#000000
695,#000000
6795,#000000
4069,#000000
8244,#000000
8523,#000000
8121,#000000
1369,#000000
7125,#000000
6731,#000000
5199,#000000
178,#000000
6368,#000000
2556,#000000
2383,#000000
909,#000000
4709,#000000
2424,#000000
7018,#000000
4631,#000000
2377,#000000
1723,#000000
1832,#000000
7365,#000000
211,#000000
1798,#000000
5802,#000000
3708,#000000
2047,#000000
3236,#000000
458,#000000
725,#000000
8018,#000000
591,#000000
1696,#000000
7877,#000000
2378,#000000
4383,#000000
6961,#000000
4250,#000040
8716,#000080
2379,#000080
3712,#000080
4900,#000080
8625,#000080
1221,#000080
5777,#000080
4460,#000080
8926,#000080
8013,#000080
773,#000080
1664,#000080
5499,#000080
6767,#000080
3,#000080
43,#000080
829,#000088
4218,#000088
2175,#00008B
1817,#00008B
965,#00008B
8647,#00008B
566,#00008B
364,#00008B
2148,#00008B
855,#00008B
4641,#00008B
2465,#00008B
3788,#00008B
7126,#00008B
1599,#00008B
4115,#00008B
1112,#000099
13,#000099
5390,#000099
8278,#000099
3177,#000099
5876,#00009A
7845,#00009F
8821,#00009F
7471,#00009F
8820,#00009F
3824,#0000AA
3128,#0000AA
1199,#0000BF
2265,#0000C0
5514,#0000C8
8042,#0000C8
8419,#0000C8
7331,#0000C8
5890,#0000CC
3849,#0000CC
6198,#0000CD
2461,#0000CD
1473,#0000CD
2313,#0000CD
706,#0000FE
5312,#0000FF
4639,#0000FF
4251,#0000FF
5096,#0000FF
5143,#0000FF
5806,#0000FF
6997,#0000FF
2125,#0000FF
4634,#0000FF
1245,#0000FF
739,#0000FF
3703,#0000FF
5081,#0000FF
1464,#0000FF
4100,#0000FF
1356,#0000FF
6078,#0000FF
4529,#0000FF
937,#0000FF
2557,#0000FF
4407,#0000FF
3636,#0000FF
7099,#0000FF
3148,#0000FF
2443,#0000FF
1116,#0000FF
226,#0000FF
5261,#001854
102,#001978
328,#002156
7565,#002169
637,#002366
6393,#002387
8454,#002780
139,#002782
4795,#002782
4252,#002868
1204,#002883
8456,#002B7F
4334,#002C77
824,#002FA7
1617,#002FA7
718,#0030AA
972,#003153
1657,#003153
8668,#003153
3697,#003296
3202,#0032CA
3751,#003319
8763,#003366
2498,#003366
8283,#003397
3276,#003399
849,#003399
4539,#0033A0
392,#0033CC
932,#0033CC
5955,#003895
482,#0038A9
894,#003990
50,#003C8F
1004,#003F72
1351,#003F87
7150,#004000
2049,#004071
5626,#004080
2358,#0040FC
7544,#00416A
7339,#004451
8566,#00448E
6946,#0047AB
1394,#0047AB
745,#0047AB
4270,#0047AB
6050,#0047AB
1642,#0047AB
22,#0047AB
789,#0047AB
7426,#0047AB
6769,#0047AB
4753,#0047AB
4781,#0047AB
638,#0047AB
5268,#0047AB
5521,#0047AB
4051,#0047AB
4176,#0047AB
536,#004931
1313,#0049A1
300,#004A90
1750,#004A92
2988,#004A99
4883,#004B91
656,#005222
63,#00528C
1709,#00529F
5794,#00529F
4741,#00529F
6036,#00529F
1824,#00529F
8350,#00529F
3277,#0052A1
6561,#0052A7
1468,#005329
7131,#00542E
2419,#00542E
6308,#0054A5
6400,#0054A5
813,#0054A5
8017,#005500
905,#00563F
104,#00563F
1380,#005693
463,#0056A2
495,#00587C
8177,#00599D
6686,#00599D
257,#0059CF
6132,#005AAB
4441,#005AC0
5255,#005BA6
1038,#005BA6
5085,#005C9E
4630,#005CA9
5863,#005F70
1480,#005FAD
5289,#006233
6251,#006233
4094,#0063AF
6781,#0063B6
3763,#006400
762,#006400
2495,#006400
7654,#006542
727,#00654E
254,#00654E
1101,#00654E
982,#0065B7
547,#006600
929,#006600
1219,#006600
2343,#006600
4047,#006600
1743,#006644
1411,#006644
1173,#006666
4410,#0066BB
5832,#0066CC
2356,#0066CC
1595,#0066CC
509,#0066CC
3792,#0066FF
3739,#0066FF
1163,#0067A5
3252,#0067A5
4554,#0067A5
5192,#0067A5
4749,#0067A5
4756,#006803
1412,#006857
2354,#006903
1274,#0069B4
4526,#006A9F
1467,#006B28
5818,#006B31
2312,#0070FF
4776,#007229
7386,#0072BB
4150,#0072C6
3717,#0073CF
533,#007557
720,#0075BE
2380,#007806
1157,#007A5F
2207,#007ABD
360,#007AD2
4064,#007B48
1008,#007BA7
5526,#007CC2
5410,#007F00
8282,#007F00
246,#007F00
3164,#007F00
4114,#007FFF
648,#007FFF
1458,#007FFF
70,#007FFF
6920,#008000
4525,#008000
4490,#008000
1271,#008000
2497,#008000
4636,#008000
4290,#008000
5496,#008000
3716,#008000
8372,#008000
5383,#008000
1606,#008000
3305,#008000
1780,#008000
1697,#008000
206,#008000
3165,#008000
5601,#008000
1563,#008000
1165,#008000
6109,#008000
1455,#008000
5897,#008000
1600,#008000
3793,#008000
3870,#008000
2206,#008000
3859,#008000
2472,#008000
8011,#008000
8582,#008000
1367,#008024
5896,#008040
5675,#008040
4585,#008080
2104,#008080
437,#008080
256,#008080
6159,#0080FF
1215,#0080FF
6257,#0080FF
2353,#0080FF
193,#0080FF
4096,#0080FF
3682,#008142
6027,#0081C2
987,#0082C8
5527,#00843B
1072,#008542
7350,#0085FF
42,#00867F
3271,#0086CF
1592,#008718
4713,#0087BD
3207,#0087CD
4275,#0087DC
7302,#0087DC
6432,#0087DC
8058,#0087DC
7322,#0087DC
1740,#0087DC
5780,#0087DC
1626,#0087DC
3872,#0087DC
7225,#0087DC
6317,#0087DC
7289,#0087DC
6650,#0087DC
7283,#0087DC
1567,#0087DC
3283,#0087DC
7170,#0087DC
7280,#0087DC
4844,#0087DC
365,#0087DC
49,#0087DC
323,#0087DC
2507,#008800
4315,#008800
963,#008800
1316,#008800
5200,#008800
4,#008800
1731,#0088CE
163,#008F90
2483,#009000
861,#009038
8743,#009150
1308,#0091DC
817,#009246
760,#0092CB
6883,#009480
4341,#0094BC
5732,#0095B6
5515,#00964C
3270,#0097F0
6403,#009900
7294,#009900
4175,#009900
2371,#009900
7818,#009900
2122,#009900
5615,#009900
7498,#009900
1569,#009900
1337,#009900
1571,#009900
4759,#009900
5359,#009900
349,#009910
4274,#009933
5872,#009933
199,#009933
7584,#009999
7258,#0099CC
1954,#0099FF
1952,#0099FF
1957,#0099FF
5364,#009A3F
2019,#009A44
6220,#009BDF
685,#009CE2
6115,#009E60
1976,#009EE0
3131,#009F3C
4408,#009F3C
308,#009F4F
8264,#009F6B
8814,#00A0DF
2558,#00A100
2327,#00A1F1
455,#00A2E3
6856,#00A3E6
8826,#00A4DF
5610,#00A550
5127,#00A550
11,#00A550
6209,#00A550
2079,#00A550
1100,#00A550
5616,#00A550
5276,#00A550
2548,#00A594
8344,#00A651
8272,#00A693
4754,#00A6EF
4395,#00A8EC
2308,#00A94C
7166,#00A988
4743,#00A988
5790,#00AA00
1345,#00AAAA
5939,#00AAAA
6375,#00AAE4
7476,#00AB00
5354,#00AB00
3560,#00AB00
5331,#00AD06
677,#00AD8E
1114,#00ADDC
2485,#00ADEF
8640,#00ADEF
363,#00ADEF
2362,#00ADEF
45,#00AE41
1014,#00AEEF
2041,#00AEEF
432,#00AEF3
1109,#00B0EC
3673,#00B1F0
2490,#00B2B2
5969,#00B7FF
2094,#00BB00
2203,#00BB00
975,#00BBF0
1297,#00BFFF
1825,#00BFFF
5389,#00BFFF
4303,#00BFFF
5795,#00BFFF
7021,#00BFFF
5650,#00C000
399,#00CCCC
288,#00CCCC
737,#00CCCC
8695,#00CCCC
7595,#00CCFF
7409,#00CCFF
602,#00CD00
6757,#00CD00
1202,#00D7FF
1459,#00D7FF
7107,#00EE00
7996,#00FA9A
2215,#00FF00
2494,#00FF00
4532,#00FF00
2559,#00FF00
2385,#00FF00
4104,#00FF00
4638,#00FF00
5706,#00FF00
4070,#00FF00
5913,#00FF00
3805,#00FF00
2478,#00FF7F
8490,#00FFFF
1651,#00FFFF
5376,#00FFFF
6316,#00FFFF
3192,#0100A4
235,#013068
1491,#013068
8749,#013068
641,#013068
784,#013068
4635,#013068
571,#013068
447,#013068
425,#013068
1722,#013068
3122,#013068
1061,#013068
3132,#013068
555,#013068
3153,#013068
1560,#013068
219,#013068
3146,#013068
1786,#013068
1616,#013068
3123,#013068
3144,#013068
1417,#013068
1149,#013068
484,#013068
597,#013068
3152,#013068
770,#013068
1508,#013774
4422,#013D83
161,#013D83
557,#01447B
3678,#01447B
1036,#01447B
779,#014F9A
4464,#015CAB
528,#01796F
5216,#017B48
5217,#017B48
8940,#017B48
8928,#017B48
5361,#017B48
1259,#017BC4
7497,#018F6B
901,#01954B
1671,#0198B3
7338,#0198E1
7901,#01A35A
5165,#01A755
2007,#022161
819,#022E4B
2479,#022E5F
101,#024C93
1305,#0258A4
1431,#025EB1
390,#0261A5
4140,#026536
5494,#02822D
5183,#02923E
5737,#02AABE
6872,#02BC00
8188,#030E40
1530,#033001
4592,#03317E
5325,#0331A1
2280,#03386A
4779,#034EA1
3098,#034EA2
466,#034EA2
1349,#034EA2
8168,#034EA2
486,#034EA2
8280,#034F97
97,#036A84
4131,#037338
88,#037766
7016,#03BF00
5265,#03C03C
4769,#03C03C
5533,#04339C
7142,#0437AC
491,#04427C
4163,#0463D1
1322,#046637
8004,#04770A
1248,#049456
2305,#04972D
2052,#05517E
7082,#0557BA
7344,#057C85
8002,#058B4A
7876,#059649
1489,#05CDDC
730,#062751
3833,#0661B6
7340,#06778D
1565,#073A76
5662,#075697
5926,#07D400
503,#08298A
7422,#08457E
225,#084B8A
696,#0957A4
6874,#098CDC
1655,#0A0A96
828,#0A2CCA
8880,#0A377B
3747,#0A408A
1416,#0A408A
5627,#0A5B2D
3855,#0A5BA6
3783,#0A628C
1519,#0A6BE1
8052,#0A6BE1
4587,#0A70B8
6116,#0AABDB
3255,#0B9444
4317,#0B9D06
1053,#0C2C84
6385,#0C528D
5529,#0C6889
7122,#0D4E76
1231,#0E52A0
8633,#0EBFB0
4433,#0EBFE9
8733,#0EF4E1
4105,#0EF4E1
4405,#0F0073
6423,#0F1599
5122,#0F2B3D
5554,#0F47AF
5495,#0F47AF
5859,#0F4DBC
5095,#0F52BA
3745,#0F52BA
4872,#0F75BC
1122,#0F95A7
7369,#0FAF32
5098,#0FAF32
8395,#0FDEC4
5257,#0FE1F1
312,#100077
5169,#104A21
623,#104E8B
805,#104E8B
8059,#104E8B
4873,#104E8B
2530,#104E8B
1768,#104E8B
1425,#104E8B
433,#104E8B
5751,#1060AF
6125,#1074BC
856,#109473
1476,#10A5DF
5332,#1102DE
2315,#113077
2321,#11479E
1460,#11992B
1497,#11DD00
4404,#121212
4418,#122562
4492,#123E89
2190,#126180
8273,#126180
6774,#1286CB
7364,#12B6CF
472,#133C8B
444,#134B94
928,#135BB8
8003,#136C56
2496,#138808
442,#143A82
5873,#1450FF
285,#1456F1
1263,#1456F1
2370,#1464BE
7635,#147420
2476,#14B53A
6130,#151A61
6887,#153E7E
3645,#153E7E
2281,#1560BD
772,#1560BD
563,#1569C7
5179,#1569C7
4203,#157104
7359,#1572BA
6077,#1609F7
4326,#1614BA
2153,#16166B
3670,#161687
8229,#162D5F
7378,#162D68
7379,#162D68
3173,#16321B
1028,#164F46
2332,#165D25
3646,#16649B
1494,#179E1E
7800,#17C307
1102,#182149
703,#18359B
4136,#183883
6135,#184589
794,#185CCB
5620,#1861AC
6134,#186439
1827,#1874CD
2110,#1874CD
8060,#1898A1
5110,#191970
4649,#191970
6355,#192956
8041,#1935D0
396,#1935D0
4643,#1935D0
4156,#1935D0
2255,#1935D0
259,#1935D0
6311,#1935D0
5188,#1935D0
7819,#1963A4
8029,#196A2D
2282,#1A809A
690,#1B49DD
1596,#1B9431
5862,#1C1C1C
1179,#1C39BB
198,#1C39BB
2303,#1C6339
2372,#1C6339
6506,#1C6339
6962,#1C8BCD
5906,#1CA9C9
3748,#1CA9C9
1966,#1CAE05
5765,#1D0B55
2449,#1D0B55
3194,#1D2951
6911,#1D4C4F
1618,#1DACD6
1195,#1E2A5B
790,#1E2D80
993,#1E345D
8825,#1E4D2B
4803,#1E90FF
5879,#1E90FF
3765,#1E90FF
5117,#1E90FF
441,#1E90FF
4846,#1E90FF
7127,#1E99C5
510,#1EB23C
1094,#1F4473
1095,#1F468B
4788,#1F75FE
7826,#1F7DDC
5705,#200000
5972,#2042A1
2120,#2061A2
4528,#20959E
8063,#212C64
5854,#213C93
298,#21468B
7858,#21539C
1446,#216CE5
7001,#2181FA
4829,#21DD00
2464,#21FF21
5697,#224272
8072,#228B22
1637,#228B22
2328,#228B22
5839,#228B22
2384,#228B22
8707,#228B22
5534,#231F20
6087,#23238E
3638,#238CCE
538,#239B64
1531,#24375B
1901,#246B24
8174,#246B24
2480,#24A9E3
6404,#24B9B9
7914,#24DBCB
6468,#251779
3733,#25D9FA
2561,#2643A3
5180,#266BBA
4351,#2670C5
1629,#26C4EC
8651,#273575
4496,#27408B
2234,#27408B
7591,#274698
5468,#274B75
3750,#28176F
877,#282828
841,#28365D
2245,#2862B3
5716,#292635
1105,#296633
1461,#2975C2
5975,#298000
1967,#2A2B87
8636,#2A317C
1742,#2A52BE
176,#2A52BE
5657,#2A52BE
59,#2A889B
8758,#2B45A2
2316,#2BAE45
1795,#2C8A4E
8290,#2CB53F
651,#2D338E
7303,#2D902D
1430,#2E2EFE
6765,#2E8B57
5640,#2E8B57
654,#2E8B57
1207,#2E8B57
4615,#2E8B57
2311,#2E8B57
4650,#2E9AFE
5260,#2F8814
8394,#303E81
2302,#3063AE
7320,#308052
1314,#30ABEC
164,#31649D
2473,#3183CD
4599,#3188AC
5254,#318CE7
454,#3198FF
3823,#324D7A
7630,#326D93
5819,#327ADC
8444,#32CD32
4306,#32CD32
4311,#32CD32
6324,#32CD32
1623,#32CD32
1537,#32CD32
3556,#32CD32
8182,#333399
1914,#3333A2
924,#3333CC
5503,#3333CC
4556,#3333CC
8732,#3333CC
4445,#3333CC
1063,#3333CC
880,#3333CC
6335,#3333FF
3684,#3333FF
3860,#336600
3723,#3366CC
1995,#3366FF
4269,#3366FF
2545,#339900
5174,#339900
6398,#3399FF
1577,#33A2FF
5181,#33CC00
1741,#33CC33
716,#33CC66
2992,#33CC66
1524,#33CCFF
1435,#33D6AD
7910,#34478E
1220,#344B9B
5557,#3481CE
7374,#348AC9
5220,#348AC9
5856,#34C1C4
3229,#35A2EF
2484,#362577
5362,#374CCB
1916,#385A38
6170,#385A38
61,#386ABC
4129,#38A8E6
8443,#39944A
781,#3A5AA7
469,#3A5FCD
7629,#3AEB2A
2333,#3BADF3
4766,#3BB9FF
7050,#3BB9FF
8737,#3BB9FF
3628,#3BB9FF
2181,#3BB9FF
575,#3C40A8
275,#3C40D2
6082,#3C91F1
1405,#3CB371
7658,#3CB371
136,#3CB371
7325,#3CB371
394,#3CB371
7567,#3CB8C2
931,#3D9B35
6644,#3F47CC
1002,#3F8428
5327,#3F89C0
1517,#3FFF00
3170,#401F9D
1634,#404040
3251,#40407E
5394,#404371
6919,#4061A6
8714,#40681C
1224,#406899
6236,#40B4E5
686,#4169E1
5358,#4169E1
5336,#4169E1
4444,#4169E1
3653,#419B41
1746,#41A12E
8083,#41A400
4614,#4237B1
2329,#427BBE
6045,#42ADDE
6875,#43438B
1006,#43780E
7873,#439BDA
870,#43A2FF
719,#440C1A
8642,#44532A
8085,#449ADF
8488,#459F36
1082,#46801C
613,#4682B4
6618,#4682B4
125,#4682B4
4782,#4682B4
1167,#4682B4
504,#4682B4
8637,#46922B
1816,#46962B
10,#46962B
865,#46962B
1177,#473B84
822,#47B26B
6508,#483D8B
190,#4876FF
5788,#48944B
6242,#48D1CC
6386,#48D1CC
8261,#495087
6646,#49B848
548,#4A9FD5
2466,#4AA02C
518,#4B0082
7568,#4B347C
5741,#4B5EAA
2176,#4B9CD3
653,#4BB805
3676,#4CC417
1474,#4DA663
7079,#4DBCE7
7356,#4E2B8A
4595,#4EC766
6984,#4EEE94
5246,#4EEE94
7712,#4EEE94
5259,#4F4E4E
8760,#4F6BA2
7632,#4F6F3C
4054,#4F81BD
940,#501557
7353,#502379
7355,#502379
3162,#504F9D
8571,#504F9D
4772,#508050
699,#5087B2
1668,#50A700
8836,#50A7F7
5733,#50C878
5653,#50C878
936,#50C878
6228,#51B3FC
5195,#51C106
2048,#522C7F
3138,#5299E1
456,#53A045
2193,#545AA7
5958,#54AA3D
1917,#5566CC
6313,#556B2F
2300,#56963F
1447,#583759
5827,#597E09
1249,#597F5A
1922,#59A421
1992,#5C5858
3180,#5CBB72
7905,#5E0C06
7837,#5F21A9
2141,#5F91B3
8111,#5F9EA0
6776,#5FA082
1490,#61A347
5543,#61BC5F
479,#61BF1A
6687,#62A439
1830,#63B8FF
1502,#63B8FF
3218,#63BE21
1329,#63C3D0
1661,#6495ED
8112,#6495ED
338,#6495ED
6974,#6495ED
1645,#6495ED
4891,#6495ED
3105,#6495ED
4789,#6495ED
5868,#6495ED
5966,#652D92
445,#659EC7
242,#660000
8263,#660066
202,#660099
3767,#663300
1631,#663377
2543,#663399
1374,#666666
7971,#6666FF
4547,#6699CC
1288,#6699FF
7543,#669D66
1055,#66BB66
1443,#66CCFF
7159,#66CCFF
3115,#66CD00
5175,#66FF66
7970,#66FF66
1956,#66FF99
6648,#66FFCC
1958,#66FFCC
8623,#6796B2
1260,#67AF2F
6814,#68001D
7349,#688D1B
8275,#6901D4
2196,#6901D4
1794,#6AB023
5091,#6ABD51
7351,#6AC7DF
1171,#6D051C
7507,#6D2889
1284,#6D85CB
8031,#6E236E
6113,#6E2F7D
4107,#6EB92B
4378,#6F4E37
2080,#6FBA2C
601,#70147A
8750,#7026A8
5766,#704214
4613,#70C846
7891,#717190
247,#732021
3205,#734F96
886,#73BE43
560,#73C2FB
2272,#73C2FB
4205,#73C2FB
6437,#73C2FB
4890,#73C2FB
3774,#73C2FB
5791,#73C2FB
910,#73C2FB
461,#741569
8493,#74C365
4870,#752F8B
4725,#75AADB
7664,#75AADB
6794,#767676
1427,#770808
5954,#771C7C
4256,#7777CD
7815,#77B5FE
3771,#78A22C
1554,#78BE20
8007,#78CAEC
3129,#799A00
2133,#79B6D7
1110,#7AA300
62,#7AC143
8109,#7BA05B
4044,#7CFC00
957,#7D26CD
2359,#7E75BD
7857,#7E7E39
1707,#7EC192
3203,#7F00FF
7656,#7F00FF
8447,#7F1A03
1134,#7F3F97
4518,#7F3F98
1472,#7F663D
7639,#7FBA27
172,#7FD3E9
858,#7FFF00
2162,#7FFF00
2533,#7FFF00
240,#800000
514,#800000
5884,#800000
6625,#800000
393,#800000
859,#800000
2084,#800000
1225,#800080
276,#800080
6778,#800080
5865,#800080
5500,#800080
7027,#800080
8619,#800080
5328,#800080
6897,#800080
4722,#800080
1486,#800080
3198,#800080
1632,#800080
4765,#800080
4386,#8000FF
6893,#804020
4161,#804C19
1294,#808000
6034,#808000
764,#808000
5756,#808000
2458,#808080
8518,#808080
4822,#808080
1339,#808080
5087,#808080
1912,#808080
6129,#808080
8442,#808080
4626,#8080C0
1040,#80BB3D
118,#80BFFF
7347,#80DAEB
4861,#80FF00
5885,#82B1EE
1729,#830E73
6455,#83C53A
5855,#841818
639,#842973
708,#851C25
1789,#851C25
4548,#852A2A
19,#861623
8001,#865199
4520,#865199
4519,#865199
6589,#8700BC
4871,#870F57
3731,#872890
590,#878FB8
1891,#87ADD7
5538,#87BEEB
4751,#87CEEB
2294,#87CEEB
5251,#87CEEB
5746,#87CEFA
2442,#87CEFA
1428,#87CEFA
2418,#87CEFA
5309,#87CEFA
6785,#87CEFA
3209,#87CEFA
1758,#87CEFA
201,#87CEFA
6307,#87E86A
1659,#88B626
4211,#893BFF
5467,#89CFF0
8756,#8A0199
2053,#8A8AE0
6798,#8B0000
6980,#8B0000
2553,#8B0000
3759,#8B0000
769,#8B0000
5161,#8B0000
1217,#8B0000
230,#8B0000
7030,#8B0000
8249,#8B00FF
5237,#8B4513
1893,#8B4513
1968,#8B4513
5330,#8B4513
1936,#8B4513
1151,#8B4726
3235,#8C0000
41,#8C0046
4557,#8C92AC
1999,#8CB4D2
1311,#8D1919
5160,#8DADE3
5864,#8DB600
4489,#8DB600
904,#8DB600
8240,#8DC63F
467,#8DC63F
964,#8EC83E
1413,#8ED201
271,#8F0109
4888,#8FBC8F
1156,#90EE90
8364,#91A3B0
2517,#92278F
1398,#923637
714,#932390
8622,#936C6C
4439,#9370DB
1773,#93C572
6042,#951B81
2337,#95C94A
8184,#960018
4728,#964B00
1900,#964B00
4425,#964B00
1386,#96C82D
994,#972C95
5288,#981C24
1355,#984A03
6367,#989898
3225,#98C75A
1883,#98F5FF
2389,#98FB98
1902,#990000
7499,#990000
7626,#990000
6402,#990000
665,#990000
2115,#9932CC
2399,#993366
223,#993366
1998,#9966CC
4102,#999966
7273,#9999FF
1366,#9999FF
4254,#99BADD
852,#99CC33
1138,#99CC33
1775,#99CC33
475,#99CC33
5177,#99CCFF
4074,#99EDBD
8935,#99FF00
1536,#99FF33
2119,#99FF66
2441,#99FF66
3680,#99FF66
6374,#99FF99
2439,#99FFCC
3243,#99FFFF
1650,#9ACD32
5253,#9ACD32
5307,#9B95C9
4060,#9BBB59
6738,#9C0000
7343,#9C0D99
2566,#9C514A
8499,#9D1B25
2159,#9E1A1A
415,#9E1B34
1315,#9E3039
3118,#9E4F48
150,#9E9E9E
380,#9F140F
1828,#9F8170
8247,#A0142E
7690,#A01D16
74,#A020F0
5305,#A090E0
6972,#A0A0A0
8243,#A1359B
71,#A1C614
329,#A20000
921,#A21756
8669,#A4E5FC
6766,#A52A2A
1676,#A52A2A
2349,#A52A2A
8609,#A52A2A
8694,#A57DAD
6885,#A5CE39
4458,#A5DF00
5524,#A73033
3210,#A7CF35
4590,#A871A8
8612,#A8E2F0
7920,#A91101
2035,#AA0000
8359,#AA0000
1688,#AA1111
2454,#AA2421
6292,#AA98A9
1421,#AAF0D1
2065,#AB58A8
8024,#ABCDFF
5875,#AC2058
2395,#ACE1AF
588,#AD0005
1712,#AD1111
6137,#ADADAD
1011,#ADCFEF
4253,#ADD8E6
5313,#ADD8E6
8667,#ADD8E6
7092,#ADD8E6
1441,#ADD8E6
7044,#ADD8E6
3166,#ADFF2F
3126,#AF0000
109,#AF0000
3219,#AFBE1B
141,#AFEEEE
4512,#B01740
7821,#B0C4DE
5668,#B0D136
4310,#B0E0E6
8617,#B1CF70
5450,#B20303
2363,#B22027
842,#B22027
4142,#B22222
2172,#B22222
234,#B22222
2033,#B22222
6119,#B22222
8879,#B22222
5597,#B22222
159,#B2B2B2
1076,#B31B1B
473,#B40119
1404,#B40404
1324,#B41319
8639,#B42079
267,#B43104
1997,#B50204
6126,#B5152B
2456,#B51818
5684,#B55489
6892,#B57EDC
2256,#B5B9D0
7123,#B5CA7F
525,#B60096
6110,#B62118
2036,#B65B56
7816,#B666D2
7000,#B6C85A
1701,#B6CCFB
6305,#B719A8
5,#B719A8
4495,#B79164
8624,#B80404
1604,#B87333
7078,#B87333
2292,#B8860B
4819,#B8FEFC
2040,#B9F58B
6186,#BA0C2F
4436,#BA151B
7724,#BA151B
7553,#BA1A2E
7638,#BA55D3
6054,#BA55D3
1924,#BAE666
4511,#BB703F
6114,#BBAF00
8343,#BBFFFF
7324,#BC002D
5129,#BCEE68
1024,#BDB76B
876,#BE282D
1545,#BE3075
1728,#BF0202
2020,#BF0202
2138,#BF0202
4503,#BF0202
2390,#BF0C0C
4246,#BF1B2C
1044,#BF1E24
8242,#BF2D2E
825,#BF475C
5535,#BF8E00
6651,#BF8E00
663,#BFFF00
6430,#C00000
6684,#C0081F
741,#C00C13
4056,#C0504D
5748,#C05BA1
2188,#C0C0C0
3273,#C0C0C0
2130,#C0D81F
3185,#C11B17
6934,#C20000
5936,#C20F51
873,#C373B1
1010,#C3C318
5523,#C3CF00
1724,#C40233
1506,#C41E3A
6356,#C42027
5823,#C50D13
640,#C61318
1436,#C61318
3664,#C69E6A
1172,#C700C7
5109,#C71585
15,#C71585
5544,#C71585
6507,#C71585
631,#C71585
5714,#C78919
1358,#C80004
3660,#C80815
1419,#C80815
1328,#C8191E
5531,#C82A2F
6131,#C83732
2326,#C83737
3725,#C8ED69
2307,#C9151E
7655,#C9151E
2334,#C94E47
301,#CA272C
3718,#CA3403
907,#CB1A1D
911,#CBE800
1894,#CC0000
4616,#CC0000
4053,#CC0000
1286,#CC0000
4050,#CC0000
5974,#CC0000
562,#CC0000
899,#CC0000
1674,#CC0000
6411,#CC0000
857,#CC0000
1647,#CC0000
5266,#CC0001
2296,#CC0033
7342,#CC1E54
4603,#CC33FF
3858,#CC6633
4598,#CCCCCC
76,#CCFF33
5917,#CCFF33
8276,#CD0000
57,#CD0000
2178,#CD0000
1041,#CD0000
3796,#CD000A
920,#CD1B68
1240,#CD1B68
1408,#CD2626
1819,#CD5B45
6255,#CD5C5C
6138,#CD5C5C
7293,#CD7F32
4213,#CDCC00
5755,#CE0000
1726,#CE0000
1384,#CE000C
5203,#CE1126
8054,#CE2029
3275,#CE2029
593,#CE2029
8923,#CEE0F2
2283,#CEE17C
5092,#CF1020
3224,#CF1020
4183,#D10047
8435,#D1E231
1610,#D20001
3851,#D20D13
896,#D21F1B
3652,#D2232A
5196,#D25A52
2013,#D2691E
1829,#D31212
3692,#D33131
869,#D33131
2560,#D40000
4498,#D40000
4500,#D40000
4905,#D40000
1060,#D40000
5852,#D40000
4350,#D40000
44,#D4001A
5556,#D41012
5093,#D41E1E
5825,#D42427
1748,#D42D34
335,#D46A4C
8521,#D50000
5843,#D52D3A
6881,#D54837
1067,#D60000
494,#D6AB72
2236,#D70000
5578,#D70A0A
5740,#D71345
1739,#D71920
208,#D73D3D
8360,#D73D3D
5971,#D79E2D
4778,#D81921
7921,#D81921
6044,#D81E05
1049,#D82A20
6959,#D86425
5888,#D8BFD8
5938,#D8BFD8
3253,#D9271D
2431,#D99FE8
356,#DA1208
1325,#DA2128
351,#DA251C
565,#DA251C
7114,#DA251D
6900,#DA251D
5398,#DA3731
6569,#DA6201
6635,#DAA520
1241,#DB2017
4745,#DB2916
7022,#DB8F16
5115,#DBD100
1203,#DC0028
4111,#DC143C
194,#DC143C
5680,#DC143C
4450,#DC143C
7486,#DC143C
7270,#DC143C
1450,#DC143C
4637,#DC143C
7028,#DC143C
7429,#DC143C
4089,#DC143C
1804,#DC143C
978,#DC143C
2314,#DC143C
5365,#DC241F
4885,#DC241F
1516,#DC241F
8757,#DC241F
3784,#DC241F
3559,#DC241F
7281,#DC241F
3749,#DC241F
6199,#DC241F
1680,#DC241F
7277,#DC241F
2289,#DC241F
5546,#DC261B
8005,#DC2A2A
120,#DC2C22
1403,#DD0000
1,#DD0000
4363,#DD0000
7162,#DD0000
6759,#DD0000
8403,#DD0000
5391,#DD0000
5124,#DD0000
4354,#DD0000
1251,#DD0000
5488,#DD0000
299,#DD0000
1253,#DD0000
1338,#DD0000
8410,#DD0000
4734,#DD0000
2124,#DD051D
17,#DD1100
8500,#DD232C
3156,#DD391F
5749,#DD6284
409,#DDDD00
1533,#DDFFDD
523,#DDFFDD
4174,#DDFFDD
5198,#DDFFDD
3681,#DDFFDD
1354,#DDFFDD
4373,#DE0000
8006,#DE002B
698,#DE007B
5768,#DE144A
4316,#DE144A
6996,#DE2559
912,#DE3163
6918,#DE3533
424,#DE3533
6915,#DE3533
6917,#DE3533
5339,#DE3938
4384,#DF0024
529,#DF0101
131,#DF0174
1234,#DF111A
3848,#DF424D
8881,#DF8418
4522,#E0050D
918,#E00831
6896,#E05B3C
5530,#E0750D
14,#E0B0FF
1150,#E10600
7916,#E10A1A
1303,#E11931
2301,#E11E26
6143,#E13434
952,#E1AD21
48,#E20002
6183,#E2001A
5360,#E20C23
8700,#E23D28
2297,#E2403B
4593,#E25822
1272,#E2725B
1736,#E2826B
1478,#E30040
3675,#E30613
7035,#E30615
2324,#E30973
878,#E30B5C
521,#E3170D
448,#E31836
2565,#E31F25
1365,#E32636
5665,#E32636
617,#E32831
1160,#E34234
4774,#E34234
6407,#E35A5A
2394,#E3882D
8291,#E3FF2A
4476,#E4000E
6689,#E4007C
6076,#E40D15
7634,#E42716
3822,#E48400
4773,#E4B122
186,#E50000
1507,#E5007D
5411,#E50101
6912,#E52C1A
29,#E53136
2310,#E5322D
53,#E5440E
18,#E56509
8603,#E5C601
2291,#E5C601
1971,#E5CC00
1390,#E5D975
8241,#E5E500
8506,#E61919
6626,#E62020
6558,#E62020
5528,#E6327E
6357,#E64632
7904,#E6C300
250,#E6E600
4757,#E70013
5587,#E70A0A
3698,#E73445
7361,#E73947
586,#E73B39
546,#E75480
8061,#E78C35
2179,#E8000D
7407,#E87E7E
4629,#E8B909
55,#E9008C
5166,#E91C23
669,#E93C1A
1178,#E95D0F
838,#EA131C
1463,#EA3C53
6318,#EA9978
6057,#EA9978
2519,#EAB943
2518,#EAB943
5970,#EB1D27
5977,#EB1D27
2477,#EB1D2A
5256,#EB5A4A
3217,#EB6109
4230,#EB6109
5682,#EC008C
5973,#EC1B23
3694,#EC2227
7711,#EC5800
177,#EC5800
5236,#EC5800
6041,#EC8713
5623,#EC8953
249,#ECB04E
501,#ED040E
6,#ED1624
692,#ED1B23
1218,#ED1B34
383,#ED1B34
750,#ED1B34
7623,#ED1B34
742,#ED1B34
2322,#ED1B34
487,#ED1B34
5976,#ED1C24
2486,#ED1C24
1009,#ED1C24
830,#ED1C24
8310,#ED2939
3248,#ED2E38
4268,#ED3237
7519,#ED3239
7923,#ED6C00
7345,#ED6E2D
5796,#EE0000
239,#EE0000
4645,#EE1100
1363,#EE161F
1277,#EE1C25
808,#EE3224
1940,#EE3A42
3846,#EE7F2D
2211,#EE82EE
3772,#EEAF30
2336,#EEB01F
2046,#EED924
2109,#EEDC82
384,#EF1B1A
4166,#EF1C27
7348,#EF3F1E
1716,#EF4A42
496,#EF5327
6895,#EF5555
8126,#EF6424
1808,#EF7D00
5964,#EF8136
6187,#EF8321
1755,#EF9D48
7619,#EFC800
1704,#EFC800
671,#EFC800
1229,#EFCB65
2279,#F00000
8068,#F0001C
5094,#F0001C
5752,#F0001C
4313,#F0001C
3744,#F0001C
2298,#F0001C
5153,#F0001C
2331,#F0001C
3658,#F0004D
379,#F04D46
7352,#F08080
1556,#F0953A
1783,#F0C200
2005,#F0C862
6048,#F0C862
5537,#F0DC82
6221,#F0DC82
2330,#F0E68C
6306,#F0E91A
5739,#F15B6C
7998,#F18A8F
471,#F19914
2482,#F19CC3
2293,#F1BA00
8363,#F2003C
8000,#F2003C
6898,#F21415
2318,#F21415
5611,#F27A7A
5282,#F28317
5323,#F29400
599,#F29400
1744,#F29402
191,#F2CB2E
2503,#F2E646
4644,#F34723
812,#F34723
3671,#F34723
7627,#F36B05
2361,#F38521
2360,#F38521
4767,#F39C12
2118,#F3C400
4284,#F45A42
282,#F45E7A
7915,#F47933
5924,#F47C20
6230,#F4A460
2189,#F4CA16
8274,#F4CA16
2116,#F4EE00
3867,#F5051C
9,#F53E13
1515,#F55881
152,#F58220
110,#F5B453
174,#F5B453
1708,#F5D62A
1663,#F6600C
272,#F66E22
1359,#F68A21
2374,#F69520
5454,#F6A71D
7341,#F6AE00
1477,#F6CB2F
3629,#F6E497
6958,#F78907
539,#F7911D
4521,#F7941E
2081,#F7B600
3238,#F7DF19
6936,#F88379
143,#F8981D
2012,#F8B202
5773,#F8C300
5329,#F8C301
8022,#F8F6BC
6210,#F90700
4067,#F90818
8698,#F9A510
3813,#F9B63C
6960,#F9B924
3303,#F9C6D9
3147,#F9D104
8504,#FA0000
1396,#FA3B45
212,#FA4A00
6294,#FA5A42
187,#FA8072
1388,#FAA61A
6888,#FAAC58
8014,#FAAFBA
5244,#FAC469
1813,#FAC469
6933,#FADC00
1131,#FAF528
5935,#FBBE01
8123,#FBC22B
821,#FBCF05
8008,#FBDD07
8823,#FBEC5D
3715,#FBFA60
7253,#FC008A
1117,#FCA241
3820,#FCB116
4058,#FCC000
2481,#FCCA50
4281,#FCCC08
5388,#FCCC08
1022,#FCD03B
5552,#FCD116
1528,#FCE11F
7020,#FCE883
6741,#FCF342
5836,#FD1D11
4424,#FDAF17
5734,#FDB813
3780,#FDBB30
5337,#FDCC06
3764,#FDD017
752,#FDE401
5599,#FDEF8B
4248,#FE0000
2391,#FE0000
5286,#FE2E2E
827,#FE2EC8
7917,#FE6500
1703,#FE7910
2309,#FE8100
8703,#FEA802
7358,#FEAB19
802,#FEAD05
705,#FEC11E
1123,#FEDD04
8176,#FEE801
1051,#FEF100
218,#FEF71F
2335,#FF0000
169,#FF0000
6926,#FF0000
6868,#FF0000
8186,#FF0000
2320,#FF0000
5224,#FF0000
5792,#FF0000
8676,#FF0000
8103,#FF0000
2208,#FF0000
5263,#FF0000
4473,#FF0000
5218,#FF0000
4524,#FF0000
2489,#FF0000
6692,#FF0000
5197,#FF0000
736,#FF0000
2491,#FF0000
5621,#FF0000
6779,#FF0000
6399,#FF0000
5106,#FF0000
311,#FF0000
8070,#FF0000
4286,#FF0000
4712,#FF0000
5625,#FF0000
4337,#FF0000
7316,#FF0000
4393,#FF0000
4299,#FF0000
1079,#FF0000
1630,#FF0000
5414,#FF0000
4785,#FF0000
8228,#FF0000
34,#FF0000
421,#FF0000
4157,#FF0000
6636,#FF0000
4887,#FF0000
3561,#FF0000
345,#FF0000
7244,#FF0000
408,#FF0000
2344,#FF0000
116,#FF0000
4562,#FF0000
4164,#FF0000
7334,#FF0000
86,#FF0000
7628,#FF0000
492,#FF0000
7894,#FF0000
893,#FF0000
5413,#FF0000
1054,#FF0000
340,#FF0000
5871,#FF0000
7594,#FF0000
5622,#FF0000
7010,#FF0000
4045,#FF0000
1106,#FF0000
4207,#FF0000
3738,#FF0000
1429,#FF0000
8346,#FF0000
7134,#FF0000
5639,#FF0000
5184,#FF0000
310,#FF0000
7031,#FF0000
2375,#FF0000
4370,#FF0000
2471,#FF0000
1754,#FF0000
4237,#FF0000
8611,#FF0000
4085,#FF0000
7405,#FF0000
3732,#FF0000
1777,#FF004C
2210,#FF007F
1029,#FF0099
3711,#FF00FF
2376,#FF0800
5866,#FF0800
3847,#FF0D13
64,#FF101A
4659,#FF1100
3876,#FF1111
6291,#FF1600
7636,#FF1900
1959,#FF1F00
5130,#FF2000
1884,#FF2222
6144,#FF2400
286,#FF2400
4223,#FF3030
2228,#FF3030
3266,#FF3030
8514,#FF3180
1978,#FF3300
4555,#FF3300
1448,#FF3300
6309,#FF3333
500,#FF3333
3669,#FF3333
362,#FF3333
8320,#FF3366
1050,#FF3366
3713,#FF350F
4771,#FF355E
8937,#FF3D3D
5469,#FF4000
2555,#FF4040
1119,#FF4040
1420,#FF4400
6246,#FF4500
633,#FF4719
2338,#FF4719
1162,#FF4900
166,#FF4D00
2197,#FF4F00
1921,#FF5050
867,#FF5050
1928,#FF5050
561,#FF555F
572,#FF5F5F
5453,#FF6300
3665,#FF6310
4847,#FF6400
4717,#FF6600
5800,#FF6600
3871,#FF6600
1715,#FF6633
3102,#FF66FF
655,#FF66FF
780,#FF66FF
7592,#FF681F
2342,#FF681F
4215,#FF69B4
4346,#FF69B4
2373,#FF69B4
5084,#FF69B4
3656,#FF69B4
2413,#FF7028
2295,#FF7070
4859,#FF7538
1602,#FF7607
4403,#FF7700
4072,#FF79BC
635,#FF7E00
6179,#FF7E00
5363,#FF7F00
7275,#FF7F00
4550,#FF7F00
6071,#FF7F00
1682,#FF7F00
8023,#FF7F00
115,#FF7F00
6108,#FF7F00
1691,#FF7F00
4088,#FF7F00
5602,#FF7F00
734,#FF7F00
4726,#FF7F00
4497,#FF7F00
8269,#FF7F00
604,#FF7F2E
622,#FF7F2E
2510,#FF7F50
82,#FF7F50
1391,#FF7F50
4409,#FF7F50
4387,#FF8000
8130,#FF8000
6338,#FF8000
4214,#FF8000
524,#FF8000
5158,#FF8000
209,#FF8000
5607,#FF8080
1242,#FF8080
5767,#FF8201
1126,#FF8282
5536,#FF8400
3651,#FF8800
5750,#FF8800
224,#FF8C00
4224,#FF8C00
1331,#FF8C00
797,#FF904D
1056,#FF9074
2278,#FF9900
6035,#FF9900
1566,#FF9900
1093,#FF9900
2499,#FF9900
7108,#FF9900
5097,#FF9933
422,#FF9933
7976,#FF9933
4339,#FF9933
5731,#FF9933
6443,#FF9933
1289,#FF9933
4787,#FF9933
7261,#FF9999
8654,#FF99FF
213,#FF9E23
643,#FF9E5E
7999,#FFA009
3108,#FFA07A
7260,#FFA07A
3279,#FFA500
5111,#FFA500
4601,#FFA500
6289,#FFA500
6085,#FFA500
4219,#FFA500
7979,#FFA500
660,#FFA500
4236,#FFA500
3280,#FFA500
4273,#FFA500
4288,#FFA500
5671,#FFA500
4493,#FFA500
4869,#FFA500
8739,#FFA500
3677,#FFA500
7354,#FFA500
3654,#FFA500
352,#FFA500
6567,#FFA500
6688,#FFA500
953,#FFA500
258,#FFA500
3882,#FFA500
4721,#FFA500
1353,#FFA500
8918,#FFA500
3667,#FFA500
4103,#FFA500
768,#FFA500
5270,#FFA500
2564,#FFA621
2264,#FFA70F
8620,#FFAAFF
848,#FFB111
217,#FFB200
7991,#FFB300
4442,#FFB4A1
3639,#FFBA00
7038,#FFBF00
723,#FFBF00
8181,#FFC0CB
7625,#FFC0CB
7645,#FFC0CB
568,#FFC0CB
6303,#FFC0CB
7080,#FFC500
4365,#FFC601
3809,#FFC70A
8455,#FFC718
3758,#FFC780
3754,#FFC780
712,#FFC800
4546,#FFCA08
306,#FFCC00
4130,#FFCC00
6560,#FFCC00
1826,#FFCC00
4259,#FFCC29
5090,#FFCC33
1800,#FFCC66
946,#FFCC66
1925,#FFCC66
5693,#FFCCFF
216,#FFCD00
990,#FFCD00
4162,#FFCD00
1193,#FFD126
6999,#FFD203
5393,#FFD300
1190,#FFD300
8232,#FFD300
96,#FFD500
4139,#FFD600
2351,#FFD700
4240,#FFD700
3686,#FFD700
7049,#FFD700
81,#FFD700
4764,#FFD700
540,#FFD700
678,#FFD700
7569,#FFD700
434,#FFD700
5108,#FFD700
1609,#FFD700
7019,#FFD700
170,#FFD700
4523,#FFD700
950,#FFD700
6315,#FFD700
4216,#FFD700
676,#FFD700
321,#FFD700
8233,#FFD700
4602,#FFD700
4739,#FFD700
8299,#FFD700
5549,#FFD700
1597,#FFD700
1334,#FFD700
3753,#FFD700
3710,#FFD700
2108,#FFD700
1892,#FFD700
6299,#FFD700
8308,#FFD700
1561,#FFD700
5857,#FFD700
4780,#FFD700
3284,#FFD700
3666,#FFD700
3674,#FFD700
3869,#FFD700
7287,#FFD700
2101,#FFD800
2113,#FFD800
2111,#FFD800
5617,#FFDB00
605,#FFDC00
8393,#FFDD00
481,#FFDD00
1415,#FFDD00
5542,#FFDE01
1689,#FFDE55
2076,#FFDEAD
2121,#FFDEAD
751,#FFDF00
348,#FFDF00
2095,#FFDF00
8009,#FFE000
3650,#FFE600
4177,#FFE8E8
4208,#FFE900
3766,#FFE902
5340,#FFEB00
5789,#FFEB33
1152,#FFED00
1424,#FFED00
8357,#FFED00
36,#FFED00
290,#FFEE00
1252,#FFEE59
7633,#FFEF00
4314,#FFEF00
3120,#FFF000
3729,#FFF212
237,#FFF500
2123,#FFF890
986,#FFF95D
6956,#FFFA00
2365,#FFFA00
6218,#FFFACD
1035,#FFFC33
3803,#FFFDD0
1555,#FFFE51
5447,#FFFF00
7887,#FFFF00
4833,#FFFF00
137,#FFFF00
5880,#FFFF00
192,#FFFF00
5829,#FFFF00
3553,#FFFF00
4066,#FFFF00
2991,#FFFF00
1456,#FFFF00
314,#FFFF00
4289,#FFFF00
4802,#FFFF00
3776,#FFFF00
5651,#FFFF00
4790,#FFFF00
5730,#FFFF00
4655,#FFFF00
5131,#FFFF00
8646,#FFFF00
3734,#FFFF00
2492,#FFFF00
1601,#FFFF00
732,#FFFF05
6440,#FFFF33
4420,#FFFF78
3804,#FFFFFF
4255,#FFFFFF
934,#FFFFFF
6825,#000000
173,#000000
2010,#000000
1128,#000000
6516,#000000
4438,#000000
4710,#000000
6638,#000000
253,#000000
1075,#000080
3649,#00008B
2247,#00008B
1581,#00008B
3189,#00008B
4455,#00008B
2306,#00008B
4832,#0000FF
7925,#0000FF
4715,#0000FF
8608,#0000FF
5176,#0000FF
2168,#0000FF
7980,#0000FF
1498,#0000FF
5483,#0000FF
2562,#0000FF
5831,#0000FF
5967,#0000FF
3800,#0000FF
6813,#0000FF
4345,#0000FF
1371,#0000FF
5346,#0000FF
91,#0000FF
7357,#0000FF
6730,#0000FF
429,#0000FF
2242,#0000FF
7669,#0000FF
8033,#0000FF
6238,#0000FF
6930,#0000FF
3661,#0000FF
5548,#0000FF
4349,#0000FF
684,#0000FF
8314,#0000FF
4394,#0000FF
919,#0000FF
941,#0000FF
2529,#0000FF
6120,#0000FF
3642,#0000FF
265,#0000FF
5102,#0000FF
8056,#0000FF
5458,#0000FF
7128,#0000FF
3806,#0000FF
5728,#0000FF
4627,#0000FF
8922,#0000FF
6406,#0000FF
8662,#0000FF
8172,#0000FF
4364,#0000FF
2224,#0000FF
6185,#0000FF
7172,#007FFF
8226,#007FFF
5099,#007FFF
5550,#008000
1727,#008000
4537,#008000
1209,#008000
7033,#008000
8564,#008000
6069,#008000
6998,#008000
1454,#008000
7130,#008000
1099,#008000
5516,#008000
2029,#008000
7789,#008000
2230,#008000
2001,#008000
5125,#008000
1757,#008000
689,#008000
1401,#008000
7026,#008000
840,#008000
5172,#008000
4117,#008000
7517,#008000
1326,#008000
2299,#008000
185,#008000
8672,#008000
851,#008000
1296,#008000
8386,#008000
2502,#008000
1963,#008000
4897,#008000
1108,#008000
670,#008000
1273,#008000
5551,#008000
3226,#008000
5140,#008000
72,#008000
2226,#008000
8516,#008000
659,#008000
1930,#008000
3176,#008000
1077,#008000
8661,#008000
8351,#008000
5182,#008000
333,#008000
2002,#008000
2457,#008000
1407,#008000
8530,#008000
5392,#008000
6772,#008000
7175,#008000
2516,#008000
1373,#008000
6818,#008000
8254,#008000
4360,#008000
8746,#008080
8736,#008080
1332,#008080
2000,#008080
3807,#00FFFF
3687,#32CD32
791,#40E0D0
6639,#40E0D0
2436,#556B2F
3201,#556B2F
232,#5626CA
1965,#777777
8723,#7FFFD4
375,#800000
5384,#800000
506,#800000
8867,#800080
3187,#800080
1714,#800080
800,#800080
2438,#800080
3557,#800080
7985,#800080
7007,#800080
4866,#800080
2460,#800080
5100,#800080
2070,#808080
8865,#87CEEB
6649,#8B0000
7132,#90EE90
378,#90EE90
513,#90EE90
6620,#ADD8E6
5960,#ADD8E6
3655,#ADD8E6
8178,#ADD8E6
1255,#ADD8E6
5539,#AFEEEE
4517,#D0F0C0
6074,#F08080
4322,#FF0000
8680,#FF0000
7487,#FF0000
3777,#FF0000
5598,#FF0000
832,#FF0000
7745,#FF0000
1753,#FF0000
277,#FF0000
3719,#FF0000
875,#FF0000
2273,#FF0000
1665,#FF0000
5101,#FF0000
2018,#FF0000
480,#FF0000
1548,#FF0000
5934,#FF0000
5519,#FF0000
1505,#FF0000
1541,#FF0000
6040,#FF0000
4530,#FF0000
603,#FF0000
1635,#FF0000
7305,#FF0000
6803,#FF0000
6685,#FF0000
3837,#FF0000
1238,#FF0000
459,#FF0000
6223,#FF0000
8224,#FF0000
4711,#FF0000
888,#FF0000
7777,#FF0000
5470,#FF0000
4784,#FF0000
8660,#FF0000
8487,#FF0000
8376,#FF0000
1212,#FF0000
2427,#FF0000
1475,#FF0000
598,#FF0000
302,#FF0000
87,#FF0000
1587,#FF0000
8397,#FF0000
7088,#FF0000
7089,#FF0000
4714,#FF0000
4898,#FF0000
95,#FF0000
600,#FF0000
2030,#FF0000
627,#FF0000
5764,#FF0000
4540,#FF0000
4283,#FF0000
6750,#FF0000
4658,#FF0000
809,#FF0000
5754,#FF0000
1104,#FF0000
5867,#FF0000
1640,#FF0000
8185,#FF0000
3840,#FF0000
4505,#FF0000
1993,#FF0000
757,#FF0000
7420,#FF0000
5287,#FF0000
6971,#FF0000
1579,#FF0000
5586,#FF0000
8485,#FF0000
4431,#FF0000
1527,#FF0000
661,#FF0000
4078,#FF0000
1141,#FF0000
7880,#FF0000
5694,#FF0000
7011,#FF0000
8015,#FF0000
8361,#FF0000
7167,#FF0000
200,#FF0000
6073,#FF0000
2260,#FF0000
6985,#FF0000
2220,#FF0000
8096,#FF0000
8486,#FF0000
6760,#FF0000
8270,#FF0000
2246,#FF0000
2425,#FF0000
3699,#FF0000
3835,#FF0000
8641,#FF00FF
5916,#FFA500
6366,#FFA500
759,#FFA500
4180,#FFA500
8366,#FFA500
5379,#FFA500
7861,#FFA500
3811,#FFA500
2231,#FFA500
474,#FFA500
747,#FFA500
2546,#FFA500
4509,#FFA500
2434,#FFA500
3215,#FFA500
4896,#FFA500
2060,#FFA500
8384,#FFA500
3143,#FFA500
1535,#FFA500
7648,#FFA500
5386,#FFA500
8038,#FFA500
3798,#FFA500
7083,#FFA500
8221,#FFA500
7337,#FFC0CB
1970,#FFC0CB
8630,#FFC0CB
8631,#FFC0CB
2325,#FFC0CB
6155,#FFD700
3742,#FFD700
5962,#FFD700
3159,#FFD700
8253,#FFDF00
5449,#FFFF00
8635,#FFFF00
2452,#FFFF00
5808,#FFFF00
343,#FFFF00
5772,#FFFF00
1449,#FFFF00
4344,#FFFF00
5518,#FFFF00
1929,#FFFF00
1820,#FFFF00
8679,#FFFF00
7077,#FFFF00
5877,#FFFF00
8872,#FFFF00
374,#FFFF00
214,#FFFF00
1996,#FFFF00
1200,#FFFF00
8491,#FFFF00
688,#FFFF00
516,#FFFF00
6890,#FFFF00
4760,#FFFF00
4902,#FFFF00
1790,#FFFF00
2259,#FFFF00
6233,#FFFF00
2430,#FFFFE0
8665,#FFFFFF
6729,#FFFFFF
1767,#FFFFFF
3554,#FFFFFF
749,#FFFFFF
7042,#000000
3816,#000000
8260,#000000
347,#000000
3863,#000000
8020,#000000
5727,#000000
283,#000000
8766,#000080
7537,#000080
7895,#00008B
3267,#00008B
3133,#00008B
5397,#00008B
7922,#00008B
2024,#00008B
54,#0000FF
5239,#0000FF
165,#0000FF
171,#0000FF
3704,#0000FF
4538,#0000FF
284,#0000FF
2447,#0000FF
4120,#0000FF
1636,#0000FF
6341,#0000FF
2525,#0000FF
3127,#0000FF
2062,#0000FF
1159,#0000FF
3178,#0000FF
5501,#0000FF
2355,#0000FF
3706,#0000FF
1943,#0000FF
1973,#0000FF
3223,#0000FF
4640,#0000FF
3249,#0000FF
4768,#0000FF
2058,#0000FF
3844,#0000FF
4796,#0000FF
5744,#0000FF
3701,#0000FF
7874,#0000FF
5760,#0000FF
4895,#0000FF
3782,#0000FF
864,#0000FF
7086,#0000FF
4171,#0000FF
3832,#0000FF
3843,#0000FF
5464,#0000FF
5193,#0000FF
7439,#0000FF
6028,#0000FF
7025,#0000FF
8026,#0000FF
7306,#0000FF
7599,#0000FF
8745,#0000FF
7008,#0000FF
5187,#0000FF
5641,#0000FF
4182,#0000FF
4545,#0000FF
5089,#0000FF
3845,#0000FF
7886,#0000FF
5860,#0000FF
8744,#0000FF
5452,#0000FF
7040,#0000FF
7336,#0000FF
8036,#0000FF
7585,#006400
5837,#006400
2252,#008000
296,#008000
7801,#008000
2468,#008000
5559,#008000
7023,#008000
5828,#008000
3657,#008000
7589,#008000
3668,#008000
8312,#008000
7081,#008000
1702,#008000
7884,#008000
8019,#008000
4113,#008000
8027,#008000
701,#008000
4544,#008000
5455,#008000
4116,#008000
6032,#008000
4804,#008000
5202,#008000
5861,#008000
6148,#008000
279,#008000
3756,#008000
5547,#008000
8921,#008000
457,#008000
2319,#008000
5889,#008000
8449,#008000
8400,#008000
1782,#008000
8659,#008000
5822,#008000
5745,#008000
5271,#008000
717,#00FFFF
317,#301934
7911,#40E0D0
7696,#40E0D0
7912,#40E0D0
3637,#4169E1
1558,#4876FF
2350,#663300
6764,#663300
996,#800000
1719,#800000
556,#800000
897,#800000
3193,#800000
7984,#800080
354,#800080
5120,#800080
8801,#800080
2474,#800080
5553,#800080
5345,#800080
1778,#800080
1759,#90EE90
2248,#9400D3
4591,#9A3B5D
446,#9ACD32
3830,#ADD8E6
7171,#ADD8E6
2240,#ADD8E6
6208,#ADD8E6
3240,#ADD8E6
2249,#ADD8E6
5490,#ADD8E6
7754,#ADD8E6
5858,#CC7722
5642,#E34234
810,#FF0000
5139,#FF0000
6067,#FF0000
1615,#FF0000
2387,#FF0000
611,#FF0000
1483,#FF0000
6902,#FF0000
431,#FF0000
4470,#FF0000
2213,#FF0000
4534,#FF0000
2357,#FF0000
1920,#FF0000
1656,#FF0000
674,#FF0000
3787,#FF0000
5121,#FF0000
3163,#FF0000
162,#FF0000
7832,#FF0000
724,#FF0000
4052,#FF0000
7041,#FF0000
1330,#FF0000
5532,#FF0000
5399,#FF0000
2037,#FF0000
2515,#FF0000
1568,#FF0000
4258,#FF0000
7017,#FF0000
4465,#FF0000
1675,#FF0000
1368,#FF0000
6739,#FF0000
8677,#FF0000
6632,#FF0000
7892,#FF0000
8082,#FF0000
5844,#FF0000
657,#FF0000
7272,#FF0000
3558,#FF0000
5660,#FF0000
5933,#FF0000
2347,#FF0000
3179,#FF0000
4892,#FF0000
6754,#FF0000
3212,#FF0000
2244,#FF0000
4758,#FF0000
6391,#FF0000
6905,#FF0000
8835,#FF0000
7508,#FF0000
5320,#FF0000
1135,#FF0000
6621,#FF0000
1564,#FF0000
5778,#FF0000
5321,#FF0000
8057,#FF0000
2056,#FF0000
4775,#FF0000
7878,#FF0000
7406,#FF0000
4494,#FF0000
6927,#FF0000
8524,#FF0000
744,#FF0000
7607,#FFA500
5171,#FFA500
6161,#FFA500
874,#FFA500
7809,#FFA500
7893,#FFA500
6886,#FFA500
4398,#FFA500
553,#FFA500
2277,#FFA500
4906,#FFA500
799,#FFA500
7013,#FFA500
4048,#FFA500
5545,#FFA500
3879,#FFA500
4865,#FFA500
8522,#FFA500
731,#FFA500
1287,#FFA500
5456,#FFBA00
6647,#FFC0CB
2426,#FFC0CB
3213,#FFC0CB
2238,#FFD700
377,#FFD700
515,#FFD700
2237,#FFD700
1043,#FFD700
6344,#FFFF00
381,#FFFF00
6431,#FFFF00
792,#FFFF00
8614,#FFFF00
7622,#FFFF00
573,#FFFF00
8073,#FFFF00
361,#FFFF00
7029,#FFFF00
5486,#FFFF00
8362,#FFFF00
2114,#FFFF00
2235,#FFFF00
7863,#FFFF00
4109,#FFFF00
7864,#FFFF00
4178,#FFFF00
4867,#FFFF00
2345,#FFFF00
5941,#FFFF00
8187,#FFFFFF
5585,#FFFFFF
6983,#FFFFFF
594,#FFFFFF
863,#FFFFFF
2057,#FFFFFF
6063,#FFFFFF
5382,#FFFFFF
6293,#FFFFFF
1793,#FFFFFF
5497,#FFFFFF
3188,#FFFFFF
5649,#FFFFFF
2253,#FFFFFF
